"Name","epoch","valid/accuracy_Atelectasis","valid/accuracy_Calcification of the Aorta","valid/accuracy_Cardiomegaly","valid/accuracy_Consolidation","valid/accuracy_Edema","valid/accuracy_Effusion","valid/accuracy_Emphysema","valid/accuracy_Fibrosis","valid/accuracy_Hernia","valid/accuracy_Infiltration","valid/accuracy_Mass","valid/accuracy_No Finding","valid/accuracy_Nodule","valid/accuracy_Pleural Thickening","valid/accuracy_Pneumomediastinum","valid/accuracy_Pneumonia","valid/accuracy_Pneumoperitoneum","valid/accuracy_Pneumothorax","valid/accuracy_Subcutaneous Emphysema","valid/accuracy_Tortuous Aorta","valid/accuracy_mean","valid/loss","valid/precision_Atelectasis","valid/precision_Calcification of the Aorta","valid/precision_Cardiomegaly","valid/precision_Consolidation","valid/precision_Edema","valid/precision_Effusion","valid/precision_Emphysema","valid/precision_Fibrosis","valid/precision_Hernia","valid/precision_Infiltration","valid/precision_Mass","valid/precision_No Finding","valid/precision_Nodule","valid/precision_Pleural Thickening","valid/precision_Pneumomediastinum","valid/precision_Pneumonia","valid/precision_Pneumoperitoneum","valid/precision_Pneumothorax","valid/precision_Subcutaneous Emphysema","valid/precision_Tortuous Aorta","valid/precision_mean","valid/recall_Atelectasis","valid/recall_Calcification of the Aorta","valid/recall_Cardiomegaly","valid/recall_Consolidation","valid/recall_Edema","valid/recall_Effusion","valid/recall_Emphysema","valid/recall_Fibrosis","valid/recall_Hernia","valid/recall_Infiltration","valid/recall_Mass","valid/recall_No Finding","valid/recall_Nodule","valid/recall_Pleural Thickening","valid/recall_Pneumomediastinum","valid/recall_Pneumonia","valid/recall_Pneumoperitoneum","valid/recall_Pneumothorax","valid/recall_Subcutaneous Emphysema","valid/recall_Tortuous Aorta","valid/recall_mean","variance_factors"
"Trial-063","7","0.8892523646354675","0.9974467158317566","0.9743876457214355","0.9572328925132751","0.9784568548202516","0.8709806203842163","0.9782174825668336","0.9853187799453736","0.9972073435783386","0.7908720970153809","0.9391207098960876","0.5737652778625488","0.944546401500702","0.9613021612167358","0.9982446432113647","0.9861964583396912","0.9973669648170472","0.9393600821495056","0.9823665618896484","0.996090292930603","0.9368865489959716","0.139628604054451","0.37363359332084656","0","0","0.1668129414319992","0.020426075905561447","0.48191964626312256","0","0","0","0.38101309537887573","0.22118405997753143","0.5520015954971313","0.3354647159576416","0","0","0","0","0.08170430362224579","0","0","0.1307079941034317","0.2728544771671295","0","0","0.015964936465024948","0.0015712366439402103","0.3273437023162842","0","0","0","0.5600917339324951","0.020485345274209976","0.9166648983955384","0.07920105010271072","0","0","0","0","0.0037190832663327456","0","0","0.10989484935998917","[1.1240883398816186,1.4228739795674088]"
"Trial-062","19","0.8977100253105164","0.9974467158317566","0.9745472073554992","0.9571531414985656","0.9778185486793518","0.8532673716545105","0.9789355993270874","0.985398530960083","0.9972073435783386","0.8280539512634277","0.9335354566574096","0.5949892401695251","0.944067656993866","0.9585095643997192","0.9982446432113647","0.9861964583396912","0.9972871541976928","0.9395994544029236","0.9814888834953308","0.9956913590431212","0.9388574361801147","0.13128560781478882","0.4007113873958587","0","0.15251469612121582","0.19745205342769623","0.2093672752380371","0.4119167923927307","0.12255644798278809","0","0","0.4513479769229889","0.3287228047847748","0.5609111189842224","0.33049046993255615","0.2292572259902954","0","0","0","0.27317216992378235","0.07489561289548874","0.020426075905561447","0.18818709254264832","0.20685501396656036","0","0.03663584962487221","0.025398431345820427","0.05760805681347847","0.5912381410598755","0.02577170915901661","0","0","0.4293113946914673","0.1513293981552124","0.8957598209381104","0.06591057777404785","0.06626413762569427","0","0","0","0.019705453887581825","0.016041763126850128","0.020426075905561447","0.1304127871990204","[1.4841947298862148,0.9778968578168088]"
"Trial-061","30","0.8970717191696167","0.9974467158317566","0.971993923187256","0.9559562802314758","0.97861647605896","0.8434532880783081","0.9774994254112244","0.985398530960083","0.9972073435783386","0.8168834447860718","0.9332163333892822","0.6269847750663757","0.9460623860359192","0.961142599582672","0.9982446432113647","0.9861964583396912","0.9972871541976928","0.9406366944313048","0.9818878173828124","0.996090292930603","0.9394637942314148","0.1279197782278061","0.4119891822338104","0","0.2188231199979782","0.21525190770626068","0.1559809297323227","0.39647990465164185","0.06127822399139404","0","0","0.4265004098415375","0.34865567088127136","0.5782828330993652","0.18568046391010284","0.221282497048378","0","0","0","0.3426862359046936","0.1123434156179428","0.020426075905561447","0.18478305637836456","0.25633537769317627","0","0.13481207191944122","0.052202172577381134","0.0319073311984539","0.6588863730430603","0.00821906328201294","0","0","0.4994790256023407","0.12494449317455292","0.8299286961555481","0.016626106575131416","0.027854496613144875","0","0","0","0.10922148823738098","0.012383940629661083","0.010213037952780724","0.13865067064762115","[1.7029782233840087,0.5325932715469895]"
"Trial-060","27","0.8888534307479858","0.9974467158317566","0.9713556170463562","0.9573924541473388","0.9787760376930236","0.8401819467544556","0.9782174825668336","0.985398530960083","0.9972073435783386","0.8085055351257324","0.9311417937278748","0.6411872506141663","0.9442272186279296","0.9596266150474548","0.9982446432113647","0.9861964583396912","0.9972871541976928","0.9392802715301514","0.9825261235237122","0.9960105419158936","0.9389531016349792","0.12967590987682345","0.39545485377311707","0","0.2549899220466614","0.22298464179039","0.17770686745643616","0.3872041404247284","0","0","0","0.404516339302063","0.32500404119491577","0.5874302983283997","0.33385464549064636","0.21072900295257568","0","0","0","0.19284021854400635","0.040852151811122894","0","0.17667832970619202","0.3522977828979492","0","0.16000843048095703","0.026133738458156586","0.03579593822360039","0.6487386226654053","0","0","0","0.4994533956050873","0.14171701669692993","0.8007137179374695","0.08341272920370102","0.05012070760130882","0","0","0","0.02176818437874317","0.004680975805968046","0","0.14124208688735962","[1.5726976802329302,0.9065532037435416]"
"Trial-059","49","0.8945184946060181","0.9974467158317566","0.9750259518623352","0.9573127031326294","0.9782972931861876","0.8515918254852295","0.9763823747634888","0.9846804141998292","0.9972073435783386","0.8116173148155212","0.9206095933914183","0.6566663980484009","0.9434293508529664","0.954520046710968","0.9982446432113647","0.9861964583396912","0.9972073435783386","0.9388813376426696","0.9790154099464417","0.994893491268158","0.9396872520446776","0.12678870558738708","0.4159429967403412","0","0.287444144487381","0.2251245230436325","0.2061898708343506","0.4033578336238861","0.1816936731338501","0.02723476849496365","0","0.40944862365722656","0.27350401878356934","0.5975810289382935","0.29203000664711","0.17928427457809448","0","0","0","0.289787232875824","0.13425225019454956","0.024511290714144707","0.197369322180748","0.30826982855796814","0","0.14718639850616455","0.03656517341732979","0.06824557483196259","0.6534079909324646","0.05471111461520195","0.022468682378530502","0","0.4898446500301361","0.24913889169692993","0.7837257981300354","0.08486160635948181","0.0800076350569725","0","0","0","0.09428797662258148","0.06387683749198914","0.010213037952780724","0.15734052658081055","[1.7878194246247576,1.6063412615668289]"
"Trial-058","49","0.8961142301559448","0.9974467158317566","0.9753450751304626","0.9573924541473388","0.9782972931861876","0.8614856600761414","0.9762227535247804","0.9850794076919556","0.9972073435783386","0.8146493434906006","0.9244394898414612","0.6550706028938293","0.9436687231063844","0.9564350247383118","0.9982446432113647","0.9861964583396912","0.9973669648170472","0.9404771327972412","0.9804515838623048","0.994175374507904","0.9407882690429688","0.1263582855463028","0.4098667502403259","0","0.27819693088531494","0.29379504919052124","0.2340487837791443","0.4304004311561585","0.15530997514724731","0.020426075905561447","0","0.42025455832481384","0.30718836188316345","0.5967103242874146","0.3226051926612854","0.26173633337020874","0","0","0","0.3390730917453766","0.1427220106124878","0.03744780644774437","0.2124890685081482","0.3181368410587311","0","0.11274734884500504","0.041820064187049866","0.06733864545822144","0.6483750343322754","0.07007193565368652","0.0020426076371222734","0","0.5142413973808289","0.23923006653785703","0.7880048751831055","0.09774386137723924","0.1046658381819725","0","0","0","0.1240110769867897","0.06781360507011414","0.02383042313158512","0.1610036939382553","[1.7367366840799177,0.7789918631480957]"
"Trial-057","49","0.8960344791412354","0.9974467158317566","0.974228024482727","0.9568339586257936","0.978377103805542","0.862602710723877","0.97686105966568","0.9848400354385376","0.9972073435783386","0.814968466758728","0.927790641784668","0.6543524861335754","0.9444665908813475","0.9529242515563964","0.9982446432113647","0.9861166477203368","0.9972871541976928","0.938961148262024","0.9789355993270874","0.9945743083953856","0.9406525492668152","0.12601837515830994","0.41215041279792786","0","0.3221328854560852","0.22706986963748932","0.22490347921848297","0.4262329339981079","0.11020240187644958","0.040852151811122894","0","0.41756588220596313","0.30938807129859924","0.5957123637199402","0.31158268451690674","0.2153271734714508","0","0","0","0.29838094115257263","0.11340063065290452","0.020426075905561447","0.20226642489433289","0.292785108089447","0","0.1420544683933258","0.035004064440727234","0.07211749255657196","0.6492898464202881","0.04844825714826584","0.006127822678536177","0","0.4897032678127289","0.24794292449951172","0.7953295707702637","0.08551996201276779","0.10141357034444808","0","0","0","0.1416165977716446","0.05748581141233444","0.0034043460618704557","0.1584121733903885","[0.7817733530389065,1.5833782515778068]"
"Trial-056","49","0.8962738513946533","0.9974467158317566","0.974946141242981","0.9564350247383118","0.978377103805542","0.8620442152023315","0.9760631918907166","0.983722984790802","0.9972871541976928","0.8118566870689392","0.921168088912964","0.6600973606109619","0.9422324895858764","0.9525253176689148","0.9982446432113647","0.9861964583396912","0.9972871541976928","0.938721776008606","0.979813277721405","0.99465411901474","0.9402695894241332","0.12651342153549194","0.4229154586791992","0","0.35155269503593445","0.2093672752380371","0.24516154825687408","0.4214765727519989","0.18305577337741852","0.040852151811122894","0.020426075905561447","0.4092818796634674","0.27808257937431335","0.6007562279701233","0.2722254693508148","0.2080889791250229","0","0","0","0.28851237893104553","0.12960602343082428","0.056171707808971405","0.20687666535377505","0.308722585439682","0","0.13698959350585938","0.031665362417697906","0.0775003656744957","0.6281991600990295","0.0728142037987709","0.008860141970217228","0.020426075905561447","0.5065591335296631","0.26957249641418457","0.7776909470558167","0.09109653532505035","0.08929372578859329","0","0","0","0.1421656757593155","0.06734637916088104","0.03063911572098732","0.16297703981399536","[0.7151560190888077,1.4006019754801244]"
"Trial-055","49","0.8951568007469177","0.9974467158317566","0.9736695289611816","0.9564350247383118","0.978137731552124","0.8708210587501526","0.9780579209327698","0.9846006631851196","0.9972073435783386","0.8017234206199646","0.9289076924324036","0.642862856388092","0.9388015866279602","0.9604244828224182","0.9981648325920104","0.9861964583396912","0.9972073435783386","0.938721776008606","0.9810899496078492","0.995611608028412","0.9400622248649596","0.1264418512582779","0.425827831029892","0","0.2536652982234955","0.26442041993141174","0.19245901703834536","0.4501570165157318","0.13276949524879456","0.040852151811122894","0","0.4028957784175873","0.3294307589530945","0.5862894058227539","0.30319973826408386","0.25055983662605286","0","0","0","0.27321356534957886","0.21637047827243805","0.040852151811122894","0.20814809203147888","0.31444618105888367","0","0.120928056538105","0.05901128426194191","0.07083422690629959","0.5719332695007324","0.047976959496736526","0.010893907397985458","0","0.5100051164627075","0.1957257241010666","0.8110337853431702","0.14193326234817505","0.06414883583784103","0","0","0","0.0771588683128357","0.0874241515994072","0.03063911199569702","0.15570461750030518","[1.7126067771442564,0.22334641088851329]"
"Trial-054","49","0.894757866859436","0.9973669648170472","0.9755844473838806","0.9562754034996032","0.9782972931861876","0.8683475852012634","0.9782972931861876","0.9841219186782836","0.9972073435783386","0.8094630241394043","0.9248384237289428","0.650123655796051","0.9376047253608704","0.9569137692451476","0.9982446432113647","0.9861964583396912","0.9972073435783386","0.9410356879234314","0.9810899496078492","0.995611608028412","0.940429151058197","0.1258029043674469","0.43125519156455994","0","0.28993403911590576","0.2509489059448242","0.22332508862018585","0.4386558532714844","0.18850348889827728","0.010213037952780724","0","0.4116973876953125","0.31895536184310913","0.5909563302993774","0.2803153097629547","0.2039446383714676","0","0","0","0.28633570671081543","0.16365176439285278","0.06127822399139404","0.20749853551387787","0.3062645196914673","0","0.13019448518753052","0.04995940253138542","0.069701187312603","0.5873703360557556","0.07602928578853607","0.0020426076371222734","0","0.5193242430686951","0.22301799058914185","0.7976773977279663","0.14295664429664612","0.0674908310174942","0","0","0","0.12313354015350342","0.08447472751140594","0.020426075905561447","0.160003200173378","[1.0724360132110895,0.5715955297644961]"
"Trial-053","49","0.8939599394798279","0.9974467158317566","0.974706768989563","0.9565147757530212","0.9791749715805054","0.8748902678489685","0.977898359298706","0.985159158706665","0.9972073435783386","0.8124152421951294","0.9302641153335572","0.6383148431777954","0.936567485332489","0.9574722647666932","0.9982446432113647","0.9861166477203368","0.9972871541976928","0.9397590160369872","0.9798930883407592","0.995132863521576","0.9404212832450868","0.12656763195991516","0.4001552164554596","0","0.26116639375686646","0.19040019810199735","0.2628155052661896","0.4575882852077484","0.18860076367855072","0.05106518790125847","0","0.4135536551475525","0.35950276255607605","0.584801197052002","0.2045258730649948","0.23031151294708252","0","0","0","0.2770497500896454","0.12732253968715668","0.047660838812589645","0.20282600820064545","0.3063581883907318","0","0.13293810188770294","0.03257570043206215","0.0877288356423378","0.5527318120002747","0.058469824492931366","0.012936513870954514","0","0.505541205406189","0.19859114289283752","0.8207415342330933","0.12639875710010529","0.06028112769126892","0","0","0","0.11348026245832445","0.04985899105668068","0.017021730542182922","0.1537827104330063","[1.9859041730203193,1.4037553860421284]"
"Trial-052","49","0.8934014439582825","0.9974467158317566","0.9747865796089172","0.9558764696121216","0.9785366654396056","0.8793584704399109","0.9779781103134156","0.9846804141998292","0.9972871541976928","0.8148887157440186","0.9248384237289428","0.6411074995994568","0.9376845359802246","0.9581105709075928","0.9981648325920104","0.9861964583396912","0.9972871541976928","0.9402377605438232","0.9794941544532776","0.995372235774994","0.9406366944313048","0.12547530233860016","0.40197643637657166","0","0.32599517703056335","0.2069355994462967","0.20704613626003265","0.4761243462562561","0.1997864693403244","0.09532169252634048","0.020426075905561447","0.419930100440979","0.31362950801849365","0.585844099521637","0.2730357348918915","0.2388581782579422","0","0","0","0.31158849596977234","0.19473667442798617","0.05787388235330582","0.21645547449588776","0.3187434673309326","0","0.21409697830677032","0.03726387768983841","0.05702165886759758","0.5614280104637146","0.07164011895656586","0.03744780644774437","0.010213037952780724","0.4884392619132995","0.22788679599761963","0.8181732892990112","0.14039097726345062","0.05744728818535805","0","0","0","0.11022921651601791","0.0990680530667305","0.040852151811122894","0.1645171046257019","[0.8367111233923136,1.531731322092332]"
"Trial-051","49","0.8906885981559753","0.9972871541976928","0.971993923187256","0.9539615511894226","0.978377103805542","0.8504747748374939","0.9775791764259338","0.9845208525657654","0.9972871541976928","0.8114577531814575","0.9135083556175232","0.6712678670883179","0.9386419653892516","0.9543604850769044","0.9982446432113647","0.9861964583396912","0.9973669648170472","0.9412750601768494","0.9818080067634584","0.994893491268158","0.9395596385002136","0.12750987708568573","0.3878485858440399","0","0.2820865511894226","0.2965133786201477","0.17763389647006989","0.4046950936317444","0.14847736060619354","0.040852151811122894","0.020426075905561447","0.4073917269706726","0.2482328861951828","0.6101417541503906","0.2971920073032379","0.2128024846315384","0","0","0","0.3511183261871338","0.16535280644893646","0","0.20253825187683103","0.31523555517196655","0","0.15929821133613586","0.07790999859571457","0.053246840834617615","0.665240466594696","0.07064134627580643","0.007878629490733147","0.010213037952780724","0.4803248345851898","0.24836024641990664","0.757074236869812","0.1474265158176422","0.08740998059511185","0","0","0","0.10734469443559648","0.05907953158020973","0","0.16233418881893158","[1.7026624246216238,1.877223204370709]"
"Trial-050","49","0.8963536024093628","0.9973669648170472","0.9731907844543456","0.9538817405700684","0.978377103805542","0.8560600280761719","0.9767014980316162","0.983722984790802","0.9971275925636292","0.8141705989837646","0.922923505306244","0.6704699397087097","0.9352110624313354","0.9551583528518676","0.9981648325920104","0.9861166477203368","0.9972871541976928","0.9405569434165956","0.9813292622566224","0.9955317974090576","0.9404850602149964","0.12654122710227966","0.4254544973373413","0","0.2654903531074524","0.3074897527694702","0.20912408828735352","0.4150612950325012","0.11268385499715804","0.05174606293439865","0","0.4164882898330689","0.2909431755542755","0.6073782444000244","0.2816716730594635","0.2102382332086563","0","0","0","0.2797864079475403","0.09464081376791","0.040852151811122894","0.20045246183872223","0.293489009141922","0","0.1197286993265152","0.08219476044178009","0.07016061246395111","0.6597188711166382","0.06869981437921524","0.03034731186926365","0","0.48234084248542786","0.25545305013656616","0.779940128326416","0.1630304753780365","0.06750081479549408","0","0","0","0.09259647130966188","0.045351263135671616","0.017021730542182922","0.1613786816596985","[1.1332664689631553,0.5660235788718269]"
"Trial-049","49","0.8911673426628113","0.9974467158317566","0.9740684628486632","0.9546796679496764","0.9782972931861876","0.8539854884147644","0.9763025641441344","0.9835633635520936","0.9972073435783386","0.8111385703086853","0.9182159304618835","0.6713476181030273","0.9374451637268066","0.9522859454154968","0.9979254603385924","0.9861964583396912","0.9973669648170472","0.9406366944313048","0.9806909561157228","0.9958509802818298","0.9397909641265868","0.12708987295627594","0.39650920033454895","0","0.27218353748321533","0.310866117477417","0.1713520884513855","0.4087803065776825","0.1661214381456375","0.040852151811122894","0","0.40984445810317993","0.2849496901035309","0.609653115272522","0.27894872426986694","0.19398193061351776","0","0","0","0.31566181778907776","0.15708549320697784","0.040852151811122894","0.2028820812702179","0.31235501170158386","0","0.1230369508266449","0.07838013023138046","0.06699258089065552","0.6410083770751953","0.0691332295536995","0.007878629490733147","0","0.4979148805141449","0.2843847870826721","0.7637733817100525","0.13881367444992063","0.1017557680606842","0","0","0","0.09613833576440813","0.0794781744480133","0.013617384247481825","0.1637330800294876","[1.7186251275243445,1.8493968005289976]"
"Trial-048","49","0.8922045826911926","0.9974467158317566","0.972552478313446","0.9545998573303224","0.97861647605896","0.8551822900772095","0.9763823747634888","0.9830846786499025","0.9972871541976928","0.8159259557723999","0.9201308488845824","0.670549750328064","0.9378440976142884","0.9551583528518676","0.9981648325920104","0.9861964583396912","0.9972871541976928","0.9393600821495056","0.9806909561157228","0.995611608028412","0.9402137994766236","0.12700383365154266","0.3955668807029724","0","0.3175375759601593","0.31499114632606506","0.20795689523220065","0.41293150186538696","0.15240275859832764","0.0068086921237409115","0.020426075905561447","0.4178250730037689","0.2788596451282501","0.6087758541107178","0.30095812678337097","0.2133439928293228","0","0","0","0.3060174584388733","0.1352498084306717","0.05106518790125847","0.20703576505184176","0.31917470693588257","0","0.15807479619979858","0.08383546769618988","0.05613581463694573","0.6420525312423706","0.0743800550699234","0.002918010810390115","0.010213037952780724","0.4907458424568176","0.2497766762971878","0.7727637887001038","0.15453894436359406","0.07949331402778625","0","0","0","0.10871104151010512","0.07538297027349472","0.020426075905561447","0.16493116319179535","[1.2031911639001447,1.4301912467823543]"
"Trial-047","49","0.9010611772537231","0.9973669648170472","0.971993923187256","0.9558764696121216","0.977658987045288","0.8573366403579712","0.977898359298706","0.9840421080589294","0.9972073435783386","0.8092236518859863","0.928987443447113","0.6463735699653625","0.9412750601768494","0.9580308198928832","0.9982446432113647","0.9861964583396912","0.9972871541976928","0.9396792650222778","0.9809303283691406","0.9958509802818298","0.9401260614395142","0.1257907748222351","0.4438993036746979","0","0.3129059672355652","0.2690567970275879","0.1923455446958542","0.4224833250045776","0.20377442240715027","0","0","0.4082072973251343","0.31932342052459717","0.5898723006248474","0.3029852509498596","0.21847769618034363","0","0","0","0.26798802614212036","0.1922644674777985","0","0.20717915892601013","0.23654000461101532","0","0.17634619772434235","0.051405169069767","0.05298662558197975","0.6271775364875793","0.07247443497180939","0","0","0.5072125792503357","0.23118197917938232","0.7979263067245483","0.11535568535327911","0.0754469558596611","0","0","0","0.12133630365133286","0.07311897724866867","0","0.15692543983459473","[0.4970026700824888,1.1253933006560193]"
"Trial-046","49","0.9008218050003052","0.9975265264511108","0.9711162447929382","0.9559562802314758","0.9777387976646424","0.8493577241897583","0.9786962270736694","0.9847602248191832","0.9972073435783386","0.8014841079711914","0.9313013553619384","0.643580973148346","0.9408760666847228","0.960344672203064","0.9982446432113647","0.9861964583396912","0.9972871541976928","0.9390409588813782","0.982685685157776","0.9960105419158936","0.9395117163658142","0.12737713754177094","0.45255452394485474","0.020426075905561447","0.23915643990039823","0.2583249807357788","0.21521656215190887","0.4065666198730469","0.12255644798278809","0","0","0.3907378613948822","0.31612616777420044","0.5882910490036011","0.3287067413330078","0.17999149858951569","0","0","0","0.31150564551353455","0.1307268887758255","0","0.1980444043874741","0.21281282603740692","0.005106518976390362","0.12739042937755585","0.05756300315260887","0.05330757796764374","0.6787298917770386","0.031155845150351524","0","0","0.509738028049469","0.1749829649925232","0.8048655390739441","0.110590398311615","0.02182512544095516","0","0","0","0.08505182713270187","0.028163086622953415","0","0.14506414532661438","[1.9466224510072043,0.13909482497098763]"
"Trial-045","49","0.9008218050003052","0.9974467158317566","0.9722332954406738","0.9563552141189576","0.977898359298706","0.8608473539352417","0.9772600531578064","0.9845208525657654","0.9972871541976928","0.8089044690132141","0.9291470646858216","0.6439000964164734","0.9418335556983948","0.9589084982872008","0.9982446432113647","0.9861964583396912","0.9972871541976928","0.9411154389381408","0.9814888834953308","0.996090292930603","0.9403894543647766","0.12597806751728058","0.4623172879219055","0","0.30759119987487793","0.32924890518188477","0.22230377793312073","0.4217354357242584","0.14108353853225708","0","0.020426075905561447","0.40126892924308777","0.30447205901145935","0.5879120230674744","0.35014137625694275","0.2508510649204254","0","0","0","0.33513638377189636","0.13299645483493805","0.020426075905561447","0.21439555287361145","0.2500610947608948","0","0.18856976926326752","0.05875558778643608","0.06421799212694168","0.6294749975204468","0.02970593422651291","0","0.010213037952780724","0.500978410243988","0.22166743874549863","0.8019666075706482","0.12974363565444946","0.07087183743715286","0","0","0","0.11192148178815842","0.04070700705051422","0.0034043460618704557","0.15561296045780182","[0.9139124948768528,1.8095964456423193]"
"Trial-044","49","0.8980292081832886","0.9974467158317566","0.972552478313446","0.955557346343994","0.9769408702850342","0.8579749464988708","0.9780579209327698","0.9846804141998292","0.9972073435783386","0.8030000925064087","0.9302641153335572","0.6438202857971191","0.9395196437835692","0.9592276215553284","0.9982446432113647","0.9861964583396912","0.9973669648170472","0.9381632208824158","0.9820473790168762","0.9960105419158936","0.9396153688430786","0.12630213797092438","0.4192265570163727","0","0.23159277439117432","0.21491147577762604","0.20706160366535187","0.41505277156829834","0.21700045466423035","0","0","0.3964191973209381","0.3138212263584137","0.5884073376655579","0.2944319248199463","0.21807152032852173","0","0","0","0.2691119909286499","0.20187771320343015","0.020426075905561447","0.200370654463768","0.251462459564209","0","0.11522162705659866","0.03972410038113594","0.0680958703160286","0.621523380279541","0.0675232782959938","0","0","0.5169106125831604","0.21189263463020325","0.7934365272521973","0.13443835079669952","0.056096598505973816","0","0","0","0.11060080677270888","0.05363224819302559","0.0034043460618704557","0.15219813585281372","[1.7017907533770948,0.35356608954132906]"
"Trial-043","49","0.8957152962684631","0.9973669648170472","0.9759036302566528","0.9563552141189576","0.977898359298706","0.8656347393989563","0.97741961479187","0.9846804141998292","0.9972073435783386","0.8124949932098389","0.9299449324607848","0.643580973148346","0.9390409588813782","0.9592276215553284","0.998085081577301","0.9861166477203368","0.9973669648170472","0.9399983882904052","0.9811697006225586","0.9952924251556396","0.9405250549316406","0.12700077891349792","0.4307988286018371","0","0.2868730425834656","0.28678953647613525","0.26247504353523254","0.4274616241455078","0.13207797706127167","0.08170430362224579","0","0.40999335050582886","0.3388812243938446","0.5892987847328186","0.33626940846443176","0.23480702936649325","0","0","0","0.31704601645469666","0.12807521224021912","0.05106518790125847","0.2156808227300644","0.32943034172058105","0","0.10858137160539628","0.04854140803217888","0.10158054530620576","0.5670921206474304","0.04289323464035988","0.010902748443186285","0","0.4843781590461731","0.19888333976268768","0.822294294834137","0.15060526132583618","0.05423939600586891","0","0","0","0.14330941438674927","0.04819081723690033","0.017021730542182922","0.1563972234725952","[1.2817689178516456,1.9688498367039844]"
"Trial-042","49","0.8973909020423889","0.9974467158317566","0.9760631918907166","0.9570733308792114","0.9775791764259338","0.8732147216796875","0.9774994254112244","0.9846006631851196","0.9971275925636292","0.7981329560279846","0.9265140295028688","0.6514800786972046","0.9348918795585632","0.961142599582672","0.9981648325920104","0.9861964583396912","0.9973669648170472","0.9399186372756958","0.9822867512702942","0.99465411901474","0.9404371380805968","0.126907616853714","0.42043536901474","0","0.3556772768497467","0.27708715200424194","0.2938743531703949","0.4544801414012909","0.1828612685203552","0.02383042313158512","0","0.3833659291267395","0.32559069991111755","0.5935208201408386","0.28685086965560913","0.21199235320091248","0","0","0","0.3075409531593323","0.11744993180036543","0.03063911199569702","0.21325986087322235","0.29844120144844055","0","0.1224263533949852","0.04758002236485481","0.147719144821167","0.5777419209480286","0.08949550241231918","0.007878629490733147","0","0.5005661845207214","0.20850422978401184","0.8075758218765259","0.16224023699760437","0.04227360710501671","0","0","0","0.134113609790802","0.0392010435461998","0.010213037952780724","0.1597985476255417","[1.2218765727190388,0.19759716568439445]"
"Trial-041","49","0.8950769901275635","0.9974467158317566","0.9748663306236268","0.9561158418655396","0.977898359298706","0.8686667084693909","0.9767813086509703","0.983722984790802","0.9973669648170472","0.8078672289848328","0.9269129633903505","0.6494853496551514","0.938721776008606","0.9590680599212646","0.9982446432113647","0.9861964583396912","0.9973669648170472","0.937524914741516","0.980292022228241","0.9948136806488036","0.9402217864990234","0.12663692235946655","0.4242140054702759","0","0.3254068195819855","0.26830995082855225","0.22111226618289948","0.4393938183784485","0.1257176250219345","0.05787388235330582","0.040852151811122894","0.39796698093414307","0.3046934902667999","0.5927616953849792","0.30756688117980957","0.2586318850517273","0","0","0","0.31418293714523315","0.08510864526033401","0.06638474762439728","0.2115088850259781","0.3345381021499634","0","0.16427019238471985","0.05181180685758591","0.07472973316907883","0.5714989900588989","0.06679555773735046","0.01381191797554493","0.03063911199569702","0.4695766568183899","0.21314707398414612","0.804694414138794","0.1393503695726395","0.058294251561164856","0","0","0","0.15886129438877106","0.03061152622103691","0.040852151811122894","0.16117416322231293","[0.587978253712263,1.338138979646538]"
"Trial-040","49","0.8957152962684631","0.9972871541976928","0.974706768989563","0.9556370973587036","0.97741961479187","0.8710603713989258","0.9728716015815736","0.9833240509033204","0.9972871541976928","0.813053548336029","0.9303438663482666","0.6552301645278931","0.9399983882904052","0.9593872427940368","0.9981648325920104","0.9861964583396912","0.9972073435783386","0.9383228421211244","0.9812495112419128","0.9943349361419678","0.9409399032592772","0.12618252635002136","0.4215393662452698","0","0.3196571171283722","0.2210856527090073","0.27872052788734436","0.4523800909519195","0.17577199637889862","0.01191521156579256","0.040852151811122894","0.4084706306457519","0.32719549536705017","0.5966672897338867","0.3613346815109253","0.27341532707214355","0","0","0","0.283480703830719","0.2294921875","0.05787387862801552","0.2229925841093063","0.3251970708370209","0","0.12090457230806352","0.04097175598144531","0.10065311193466188","0.5993955731391907","0.10808916389942168","0.004960618447512388","0.03063911199569702","0.4712194204330444","0.1889744848012924","0.8089249134063721","0.16130921244621277","0.05207609385251999","0","0","0","0.16581757366657257","0.07591637969017029","0.040852151811122894","0.16479507088661194","[1.360199772783036,0.6594568449759389]"
"Trial-039","49","0.8962738513946533","0.9974467158317566","0.9738290905952454","0.9562754034996032","0.9767014980316162","0.8718582987785339","0.9778185486793518","0.983722984790802","0.9971275925636292","0.8007659912109375","0.9351312518119812","0.6510013341903687","0.9398388266563416","0.958669126033783","0.9978457093238832","0.9861166477203368","0.9972871541976928","0.931939661502838","0.9806112051010132","0.9957711696624756","0.9403015375137328","0.12594421207904816","0.4381742775440216","0","0.24052515625953672","0.2814907729625702","0.2114753425121307","0.4487707018852234","0.1804303228855133","0.04425649344921112","0","0.3907499313354492","0.3391609489917755","0.5926015973091125","0.29967665672302246","0.23252813518047333","0","0","0","0.250335693359375","0.1981063336133957","0.03063911199569702","0.2089461237192154","0.30988791584968567","0","0.10968289524316788","0.05164077877998352","0.10765213519334792","0.5680539608001709","0.07100437581539154","0.006817534100264311","0","0.5059870481491089","0.15110746026039124","0.7976487278938293","0.13043561577796936","0.0589665062725544","0","0","0","0.1900099515914917","0.0842565968632698","0.010213037952780724","0.15766823291778564","[1.4047792428866372,1.8478771826350704]"
"Trial-038","49","0.8943588733673096","0.9974467158317566","0.9750259518623352","0.955796718597412","0.978137731552124","0.8587728142738342","0.978137731552124","0.9846006631851196","0.9971275925636292","0.7982925176620483","0.9337748289108276","0.6585015654563904","0.9395196437835692","0.9602649211883544","0.9981648325920104","0.9861964583396912","0.9972073435783386","0.9356099963188172","0.9815686345100404","0.996090292930603","0.9402297735214232","0.12698334455490112","0.40660133957862854","0","0.3071368634700775","0.23956866562366488","0.2986745834350586","0.42380043864250183","0.12255644798278809","0.04425649717450142","0","0.3855457603931427","0.31118443608283997","0.5985891222953796","0.28027671575546265","0.248929500579834","0","0","0","0.2561766803264618","0.11744993180036543","0.020426075905561447","0.2030586153268814","0.3206373155117035","0","0.124618798494339","0.04295150190591812","0.11300534009933472","0.6337906718254089","0.04514626786112785","0.016924463212490082","0","0.5070928931236267","0.15721413493156433","0.7842220664024353","0.12922078371047974","0.04663511738181114","0","0","0","0.15905512869358063","0.04202523082494736","0.0034043460618704557","0.1562972068786621","[1.6129053468812533,0.3091357209742287]"
"Trial-037","49","0.8880555629730225","0.9973669648170472","0.9755844473838806","0.95603609085083","0.977658987045288","0.8649166226387024","0.977100431919098","0.983722984790802","0.9972871541976928","0.813053548336029","0.932657778263092","0.6572249531745911","0.9388813376426696","0.9582701921463012","0.9979254603385924","0.9861166477203368","0.9971275925636292","0.9336950182914734","0.9784568548202516","0.9960105419158936","0.9403574466705322","0.12629149854183197","0.3899310529232025","0","0.26771625876426697","0.2921658158302307","0.2229684293270111","0.4301548898220062","0.1711564064025879","0.0360860675573349","0.020426075905561447","0.4130313992500305","0.30500122904777527","0.5983062386512756","0.26857122778892517","0.1820908486843109","0","0","0","0.26259845495224","0.11584904044866562","0.040852151811122894","0.20084530115127563","0.33683645725250244","0","0.12407969683408736","0.05790811404585838","0.08785280585289001","0.6114352345466614","0.0667945146560669","0.015571567229926586","0.010213037952780724","0.4871329665184021","0.17541849613189697","0.7834885716438293","0.12996535003185272","0.04068516567349434","0","0","0","0.1926516741514206","0.07441216707229614","0.013617384247481825","0.16040314733982086","[0.2794440999395742,1.804256576833416]"
"Trial-036","49","0.8914864659309387","0.9974467158317566","0.9748663306236268","0.9559562802314758","0.97741961479187","0.8773637413978577","0.9767813086509703","0.9847602248191832","0.9972073435783386","0.8010851144790649","0.93289715051651","0.6494055986404419","0.9403175711631776","0.9596266150474548","0.9981648325920104","0.9861964583396912","0.9972073435783386","0.9314609169960022","0.979813277721405","0.9957711696624756","0.9402616024017334","0.12702463567256927","0.39650994539260864","0","0.2299038916826248","0.2688460648059845","0.2561984658241272","0.4607286751270294","0.11545595526695251","0.04595866799354553","0.020426075905561447","0.38658228516578674","0.3133748769760132","0.5913151502609253","0.3422461152076721","0.20056384801864624","0","0","0","0.2649398446083069","0.1339447945356369","0.03063911199569702","0.20288163423538208","0.307078093290329","0","0.10742738842964172","0.05922328308224678","0.11296046525239944","0.5537672638893127","0.049720581620931625","0.007003225851804018","0.020426075905561447","0.5079206228256226","0.15901529788970947","0.7951525449752808","0.12931539118289948","0.03375530615448952","0","0","0","0.22817954421043396","0.056475117802619934","0.010213037952780724","0.156881645321846","[1.2182833121927934,1.751986727447482]"
"Trial-035","49","0.8969919681549072","0.9971275925636292","0.974946141242981","0.9562754034996032","0.9790951609611512","0.8613260984420776","0.9753450751304626","0.9833240509033204","0.9972073435783386","0.8163248896598816","0.9265140295028688","0.6570653319358826","0.9418335556983948","0.9543604850769044","0.9981648325920104","0.9861964583396912","0.9972871541976928","0.93943989276886","0.9812495112419128","0.9958509802818298","0.9407963156700134","0.1261216700077057","0.4409310221672058","0","0.3212047219276428","0.252164751291275","0.25913259387016296","0.42580005526542664","0.1268118917942047","0.029617810621857643","0.020426075905561447","0.4187830090522766","0.2849866449832916","0.5977331399917603","0.2650301158428192","0.2431551963090897","0.020426075905561447","0","0","0.2966122031211853","0.13753557205200195","0.06808692216873169","0.2104218751192093","0.3328779339790344","0","0.16114170849323273","0.04314805567264557","0.08698371052742004","0.6221954226493835","0.07109630107879639","0.007003225851804018","0.020426075905561447","0.4770392179489136","0.20836271345615387","0.8019652366638184","0.1045769602060318","0.09896953403949738","0.010213037952780724","0","0","0.1366436928510666","0.058430265635252","0.02723476849496365","0.16341538727283478","[1.0638854442161787,1.505011252987608]"
"Trial-034","49","0.9001834988594055","0.996569037437439","0.9741482734680176","0.9559562802314758","0.9774994254112244","0.860209047794342","0.9755046963691713","0.9847602248191832","0.9972871541976928","0.8147290945053101","0.9289076924324036","0.6600973606109619","0.941913366317749","0.954041302204132","0.9980052709579468","0.9861964583396912","0.9972073435783386","0.938721776008606","0.9801324605941772","0.9957711696624756","0.9408921599388124","0.12604379653930664","0.4578012228012085","0","0.34881192445755005","0.2884409427642822","0.25311312079429626","0.41758647561073303","0.15992598235607147","0.034043461084365845","0.020426075905561447","0.4133863151073456","0.2883748710155487","0.5996111035346985","0.2900325655937195","0.19914810359477997","0","0","0","0.32312923669815063","0.1253771930932999","0.020426075905561447","0.21198177337646484","0.3113780617713928","0","0.17371241748332977","0.051186129450798035","0.09237267076969148","0.6276307106018066","0.07743364572525024","0.007003225851804018","0.010213037952780724","0.485282838344574","0.19170142710208893","0.7896735668182373","0.12851378321647644","0.0867004543542862","0","0","0","0.19404304027557373","0.05519614368677139","0.0068086921237409115","0.1644425094127655","[0.5218954724297176,1.6224087031646717]"
"Trial-033","49","0.9002633094787598","0.9969680309295654","0.9734301567077636","0.9569137692451476","0.9784568548202516","0.8656347393989563","0.9746269583702089","0.9840421080589294","0.9971275925636292","0.807707667350769","0.9277108311653136","0.654272735118866","0.9406366944313048","0.9589084982872008","0.9978457093238832","0.9861964583396912","0.9972073435783386","0.938961148262024","0.9797335267066956","0.9957711696624756","0.9406209588050842","0.12644651532173157","0.4629717469215393","0.020426075905561447","0.25701239705085754","0.29763710498809814","0.2437921166419983","0.43532902002334595","0.12828193604946136","0.03131997957825661","0.020426075905561447","0.3984639048576355","0.3167388439178467","0.5952699184417725","0.3000432252883911","0.28042006492614746","0.020426075905561447","0","0","0.33838143944740295","0.07980316877365112","0.040852151811122894","0.21337974071502688","0.2928992509841919","0.020426075905561447","0.11612820625305176","0.06089795008301735","0.1026635617017746","0.5855186581611633","0.07805292308330536","0.007003225851804018","0.020426075905561447","0.49079668521881104","0.2214183211326599","0.8029643893241882","0.1291739046573639","0.06785882264375687","0.010213037952780724","0","0","0.18119220435619351","0.05384496971964836","0.013617384247481825","0.16275480389595032","[1.4588854123401658,0.7663454735198696]"
"Trial-032","39","0.8961940407752991","0.9974467158317566","0.9706375002861024","0.9570733308792114","0.9760631918907166","0.87114018201828","0.978377103805542","0.985159158706665","0.9972073435783386","0.8253411054611206","0.9220458269119264","0.6391127705574036","0.9426314234733582","0.961062788963318","0.9982446432113647","0.9861166477203368","0.9972871541976928","0.9322588443756104","0.9823665618896484","0.9952126145362854","0.9405489563941956","0.1270867884159088","0.41000068187713623","0","0.2878818213939667","0.23524031043052673","0.20049165189266205","0.447719007730484","0.1373387575149536","0.020426075905561447","0","0.437979131937027","0.28504282236099243","0.585171103477478","0.2943653464317322","0.2147158086299896","0","0","0","0.25187385082244873","0.1350390464067459","0.020426075905561447","0.19818559288978577","0.25194239616394043","0","0.2128680795431137","0.03483079373836517","0.0930042415857315","0.5648482441902161","0.025718724355101585","0.0020426076371222734","0","0.4737400710582733","0.2311120927333832","0.8272833228111267","0.08953836560249329","0.026897333562374115","0","0","0","0.1853635460138321","0.04391279071569443","0.0034043460618704557","0.15332533419132233","[0.967193266390038,1.9764065995816105]"
"Trial-031","49","0.9025772213935852","0.9968882203102112","0.9739089012145996","0.9561158418655396","0.9789355993270874","0.8582941293716431","0.9767014980316162","0.9838825464248656","0.9972073435783386","0.8152876496315002","0.9242001175880432","0.654272735118866","0.9401580095291138","0.9580308198928832","0.9978457093238832","0.9861166477203368","0.9971275925636292","0.9404771327972412","0.9818878173828124","0.9960105419158936","0.9407963156700134","0.1265195459127426","0.48083415627479553","0","0.2643945515155792","0.2665359675884247","0.2628155052661896","0.42085912823677063","0.15477538108825684","0.03063911199569702","0","0.40770789980888367","0.30360257625579834","0.5957314372062683","0.29660144448280334","0.22649434208869937","0","0","0","0.3172275125980377","0.12453345954418182","0.08170430362224579","0.21172280609607697","0.28083422780036926","0","0.12760694324970245","0.04942470043897629","0.07177846878767014","0.6456866264343262","0.058012112975120544","0.007003225851804018","0","0.5016748905181885","0.22921401262283325","0.7966611981391907","0.1153530329465866","0.06491316854953766","0","0","0","0.16434171795845032","0.04489526525139809","0.03744780644774437","0.15974238514900208","[0.902634890313544,0.21695477649806735]"
"Trial-030","30","0.8997047543525696","0.9974467158317566","0.972552478313446","0.9563552141189576","0.9785366654396056","0.8572568297386169","0.977898359298706","0.985398530960083","0.9972073435783386","0.8129737377166748","0.9324982166290284","0.6154950857162476","0.9466209411621094","0.9609829783439636","0.9982446432113647","0.9861166477203368","0.9973669648170472","0.9411154389381408","0.9819676280021667","0.9957711696624756","0.9395754337310792","0.1279323399066925","0.4486779570579529","0","0.2948085367679596","0.3496263325214386","0.08681081980466843","0.413339227437973","0.1421048492193222","0","0","0.42018651962280273","0.3282282054424286","0.5715458989143372","0.1822761297225952","0.21787814795970917","0","0","0","0.33841976523399353","0.10509587824344636","0","0.1949499249458313","0.2468080371618271","0","0.12217360734939577","0.07320733368396759","0.013283557258546352","0.6246090531349182","0.0369981974363327","0","0","0.5050317645072937","0.1694490611553192","0.8417202830314636","0.017674429342150688","0.026958949863910675","0","0","0","0.08146539330482483","0.023636341094970703","0","0.13915082812309265","[1.354035664623917,1.182801302798367]"
"Trial-029","49","0.8957152962684631","0.9974467158317566","0.9743876457214355","0.9573127031326294","0.9770206809043884","0.8588526248931885","0.9767014980316162","0.9847602248191832","0.9972073435783386","0.8113779425621033","0.9265140295028688","0.6606558561325073","0.94358891248703","0.9531636238098145","0.9982446432113647","0.9861166477203368","0.9972073435783386","0.9381632208824158","0.9794143438339232","0.994414746761322","0.9404131770133972","0.12631578743457794","0.42277464270591736","0","0.29296985268592834","0.25362375378608704","0.23245197534561157","0.4242610931396485","0.1795300394296646","0.020426075905561447","0","0.410353809595108","0.3075774013996124","0.5995689034461975","0.29349032044410706","0.17121422290802002","0","0","0","0.2959927022457123","0.2105808258056641","0.04425649717450142","0.2079535871744156","0.32016146183013916","0","0.14149712026119232","0.043120622634887695","0.0867205336689949","0.6468861699104309","0.05823778361082077","0.001856916001997888","0","0.49547821283340454","0.1998550146818161","0.7965779900550842","0.07792492210865021","0.0758863165974617","0","0","0","0.1267198771238327","0.09581352025270462","0.020426075905561447","0.1593581587076187","[0.30329872041066763,0.7403416222607158]"
"Trial-028","27","0.8869384527206421","0.9974467158317566","0.9728716015815736","0.9573924541473388","0.9785366654396056","0.8484799861907959","0.9782174825668336","0.985398530960083","0.9972073435783386","0.8085055351257324","0.9314609169960022","0.64310222864151","0.9395196437835692","0.960105299949646","0.9982446432113647","0.9861964583396912","0.9972073435783386","0.9392802715301514","0.9821271896362304","0.996090292930603","0.9392164349555968","0.12932652235031128","0.38575053215026855","0","0.23129673302173617","0.24511289596557617","0.15523816645145416","0.39767447113990784","0.020426075905561447","0","0","0.406392365694046","0.34471386671066284","0.5897156596183777","0.261324018239975","0.19010725617408752","0","0","0","0.2771848440170288","0.03063911199569702","0","0.17677880823612213","0.3585137724876404","0","0.1144605502486229","0.02638118341565132","0.028798911720514297","0.6397717595100403","0.0034043460618704557","0","0","0.494365394115448","0.13341215252876282","0.8128921389579773","0.10138177871704102","0.03607334941625595","0","0","0","0.04494250938296318","0.006181575357913971","0","0.1400289684534073","[1.723410728758399,0.4281133866846071]"
"Trial-027","40","0.8845447897911072","0.9974467158317566","0.9751855134963988","0.9571531414985656","0.9767014980316162","0.8712199926376343","0.9758238196372986","0.9850794076919556","0.9972073435783386","0.8108991980552673","0.932657778263092","0.6427830457687378","0.9415143728256226","0.9609829783439636","0.9980052709579468","0.9861964583396912","0.9972871541976928","0.936806857585907","0.980292022228241","0.9961701035499572","0.9401979446411132","0.12615039944648743","0.37187615036964417","0","0.31262949109077454","0.25532594323158264","0.23626160621643064","0.4522543251514435","0.14878612756729126","0","0","0.410081148147583","0.3395989239215851","0.5868129730224609","0.2596162259578705","0.198276549577713","0","0","0","0.29966023564338684","0.1445712149143219","0.020426075905561447","0.2018088698387146","0.32754960656166077","0","0.146478533744812","0.02589024044573307","0.07956590503454208","0.5635406374931335","0.08496717363595963","0","0","0.4818638265132904","0.19987547397613523","0.8049132823944092","0.08575638383626938","0.03115764446556568","0","0","0","0.1777121275663376","0.09108831733465196","0.0068086921237409115","0.15535840392112732","[0.4223985381960559,0.3253826972906937]"
"Trial-026","49","0.8993058204650879","0.9974467158317566","0.9735897183418274","0.9567541480064392","0.977339804172516","0.8610069155693054","0.9778185486793518","0.9849995970726012","0.9972073435783386","0.808425784111023","0.9245990514755248","0.6534748077392578","0.9429506063461304","0.9558764696121216","0.9982446432113647","0.9861964583396912","0.9972871541976928","0.9384025931358336","0.9814090728759766","0.9952924251556396","0.9403813481330872","0.12595807015895844","0.45931389927864075","0","0.29739391803741455","0.2519215941429138","0.20222561061382296","0.4203243553638458","0.07149126380681992","0.010213037952780724","0","0.405830055475235","0.29734110832214355","0.5951874256134033","0.3085825443267822","0.2547937333583832","0","0","0","0.28869083523750305","0.15776483714580536","0.03063911199569702","0.20258568227291107","0.30910786986351013","0","0.16710048913955688","0.0365249402821064","0.08323857188224792","0.6319153904914856","0.01812427304685116","0.0020426076371222734","0","0.5030847191810608","0.2610991299152374","0.7958390116691589","0.09194635599851608","0.0838744044303894","0","0","0","0.09836658835411072","0.050906743854284286","0.010213037952780724","0.15716923773288727","[1.2022941521000814,1.672081418639656]"
"Trial-025","49","0.8922045826911926","0.9973669648170472","0.9759036302566528","0.95547753572464","0.9774994254112244","0.8712997436523438","0.9782972931861876","0.984201729297638","0.9972073435783386","0.8073884844779968","0.9281895756721495","0.6509215831756592","0.9355301856994628","0.9583499431610109","0.9981648325920104","0.9861166477203368","0.9972871541976928","0.9402377605438232","0.980292022228241","0.995372235774994","0.9403654932975768","0.1256689727306366","0.40546754002571106","0","0.3018990755081177","0.19064335525035855","0.18869805335998535","0.4522272050380707","0.2075188159942627","0.040852151811122894","0","0.40805742144584656","0.31412532925605774","0.5919076204299927","0.28978803753852844","0.2545466721057892","0","0","0","0.28733471035957336","0.19713814556598663","0.06127822399139404","0.20957408845424652","0.3074477016925812","0","0.13003209233283997","0.02717362716794014","0.06962954252958298","0.5864062905311584","0.09194614738225936","0.010893907397985458","0","0.5073131322860718","0.20865628123283383","0.8011263608932495","0.1558239907026291","0.0514613576233387","0","0","0","0.1275181919336319","0.0938435196876526","0.040852151811122894","0.1605062186717987","[0.97645023983239,0.4512911714497117]"
"Trial-024","49","0.8958749175071716","0.9974467158317566","0.9737492799758912","0.9570733308792114","0.9778185486793518","0.8586930632591248","0.9779781103134156","0.9842814803123474","0.9972073435783386","0.8102608919143677","0.9253969788551332","0.6495651602745056","0.944067656993866","0.955557346343994","0.998085081577301","0.9861166477203368","0.9973669648170472","0.9407963156700134","0.9803718328475952","0.9954519867897034","0.9401578307151794","0.1263463795185089","0.41191717982292175","0","0.2454153448343277","0.30911463499069214","0.2286585420370102","0.4221518933773041","0.14093992114067078","0.02553259395062923","0","0.4136596918106079","0.308645635843277","0.5928239226341248","0.326699823141098","0.226530060172081","0","0","0","0.2812260687351227","0.110202394425869","0.02553259395062923","0.20345255732536316","0.3131644129753113","0","0.11441877484321594","0.04495124891400337","0.08785788714885712","0.6180357933044434","0.05408267676830292","0.003899523289874196","0","0.5112866163253784","0.2115166187286377","0.7979565858840942","0.08948037028312683","0.10703446716070177","0","0","0","0.09002286940813065","0.05449673533439636","0.013617384247481825","0.15559110045433044","[1.7746396307455556,1.921401017025124]"
"Trial-023","49","0.8939599394798279","0.9973669648170472","0.9743876457214355","0.9571531414985656","0.978377103805542","0.849996030330658","0.977180242538452","0.9849995970726012","0.9972073435783386","0.8179206848144531","0.9186148643493652","0.6556291580200195","0.9451847076416016","0.954759418964386","0.9982446432113647","0.9861166477203368","0.9972871541976928","0.9398388266563416","0.980292022228241","0.99465411901474","0.9399586915969848","0.12702105939388275","0.42895007133483887","0","0.3211369812488556","0.2638368010520935","0.25226202607154846","0.40368688106536865","0.12255644798278809","0.03063911199569702","0","0.4180648624897003","0.2673296630382538","0.5966454744338989","0.3305557072162628","0.2432231456041336","0","0","0","0.2905716300010681","0.14904473721981049","0.02553259395062923","0.20720185339450836","0.3353578448295593","0","0.17162027955055237","0.04212678223848343","0.07709603011608124","0.6594012975692749","0.035763319581747055","0.02228299155831337","0","0.4684031009674072","0.21922452747821808","0.7914928793907166","0.07816755026578903","0.1005602404475212","0","0","0","0.08596174418926239","0.05835513770580292","0.010213037952780724","0.1578013300895691","[1.879818123998224,1.9065642363446864]"
"Trial-022","49","0.8885342478752136","0.9974467158317566","0.9751057028770448","0.955716907978058","0.9780579209327698","0.875049889087677","0.977100431919098","0.9836431741714478","0.9972073435783386","0.8123354315757751","0.9302641153335572","0.6491662263870239","0.9399186372756958","0.9568339586257936","0.9982446432113647","0.9861964583396912","0.9972871541976928","0.937524914741516","0.9796537160873412","0.9955317974090576","0.9405410289764404","0.1256832480430603","0.3824896514415741","0","0.3468007743358612","0.21992073953151703","0.22638899087905884","0.4576948881149292","0.1816461831331253","0.005106518976390362","0","0.41475656628608704","0.3504811227321625","0.5916896462440491","0.2626907229423523","0.20982398092746735","0","0","0","0.2841746211051941","0.17927922308444977","0.09872602671384811","0.21058350801467896","0.3363121449947357","0","0.21554870903491977","0.03747086599469185","0.061071060597896576","0.5714520812034607","0.05933859571814537","0.0020426076371222734","0","0.5015085935592651","0.1953342854976654","0.8039264678955078","0.12757284939289093","0.058363478630781174","0","0","0","0.13531899452209473","0.11710692942142488","0.05446953698992729","0.16384190320968628","[0.790020071978289,1.5521313772041414]"
"Trial-021","49","0.8938003778457642","0.9975265264511108","0.9743876457214355","0.9532434344291688","0.97861647605896","0.8550227284431458","0.9770206809043884","0.9838825464248656","0.9972073435783386","0.8175217509269714","0.9256362915039062","0.6583420038223267","0.9370461702346802","0.9543604850769044","0.9983243942260742","0.9861964583396912","0.9973669648170472","0.9409558773040771","0.9819676280021667","0.995372235774994","0.940189778804779","0.12684176862239838","0.41684842109680176","0.020426075905561447","0.33793023228645325","0.27049076557159424","0.21311205625534055","0.41331052780151367","0.1242586150765419","0.040852151811122894","0","0.42291459441185","0.28527045249938965","0.5975820422172546","0.27737903594970703","0.2167033553123474","0.020426075905561447","0","0","0.3032819628715515","0.1259607970714569","0.05787387862801552","0.2072310745716095","0.3203737735748291","0.005106518976390362","0.1359475702047348","0.06756807863712311","0.06964145600795746","0.6296766996383667","0.04372705519199371","0.009921236895024776","0","0.4663032591342926","0.22851841151714325","0.7986201643943787","0.14263999462127686","0.0685744360089302","0.004085215274244547","0","0","0.07369508594274521","0.022566955536603928","0.02723476849496365","0.15571004152297974","[0.2923802126813157,0.3991832475148859]"
"Trial-020","49","0.8929226994514465","0.9974467158317566","0.9761430025100708","0.9570733308792114","0.9775791764259338","0.8768849968910217","0.9769408702850342","0.984441101551056","0.9972073435783386","0.8121758699417114","0.9285885095596312","0.6429426074028015","0.939200520515442","0.958429753780365","0.9982446432113647","0.9861166477203368","0.9972871541976928","0.9415143728256226","0.9795739054679872","0.9955317974090576","0.940812349319458","0.1259285807609558","0.4053628146648407","0","0.3477534055709839","0.2881535589694977","0.22153006494045255","0.4649269580841065","0.14444153010845184","0.05106518790125847","0","0.4118401110172272","0.3367295563220978","0.587576150894165","0.2403308004140854","0.24871064722537992","0","0","0","0.31768783926963806","0.1948760747909546","0.06127822399139404","0.2161131203174591","0.3360275328159332","0","0.14433446526527405","0.0424920916557312","0.06452296674251556","0.5572324395179749","0.06269431114196777","0.0059421309269964695","0","0.4924366772174835","0.1985226422548294","0.8227729797363281","0.12014377117156982","0.06501629948616028","0","0","0","0.13499726355075836","0.1069151535630226","0.020426075905561447","0.1587238609790802","[1.9275704667436735,0.8274530125973703]"
"Trial-019","49","0.8989068865776062","0.9974467158317566","0.9757440090179444","0.9567541480064392","0.9782972931861876","0.8724966049194336","0.9775791764259338","0.984441101551056","0.9972073435783386","0.806430995464325","0.9288278818130492","0.6505226492881775","0.937285542488098","0.9580308198928832","0.9981648325920104","0.9861964583396912","0.9972073435783386","0.941913366317749","0.979813277721405","0.9955317974090576","0.9409398436546326","0.12541835010051727","0.44429928064346313","0","0.3492291271686554","0.27064552903175354","0.26441293954849243","0.45665884017944336","0.22298464179039","0.08510865271091461","0","0.40242183208465576","0.3436630070209503","0.5918921232223511","0.3074914515018463","0.23079031705856323","0","0","0","0.32999923825263977","0.16999845206737518","0.040852151811122894","0.22552236914634705","0.32643261551856995","0","0.123539999127388","0.04651912674307823","0.07001066952943802","0.5797974467277527","0.10316550731658936","0.016049059107899666","0","0.4977038204669952","0.21136058866977692","0.8075585961341858","0.15301474928855896","0.04959626868367195","0","0","0","0.1414419412612915","0.10239975154399872","0.013617384247481825","0.1621103733778","[0.984684188421486,0.5641612730333047]"
"Trial-018","49","0.8923641443252563","0.9974467158317566","0.9734301567077636","0.9542009234428406","0.977898359298706","0.8522301316261292","0.9760631918907166","0.9843612909317015","0.9972073435783386","0.8088247179985046","0.915902018547058","0.674220085144043","0.9397590160369872","0.9543604850769044","0.9979254603385924","0.9861166477203368","0.9973669648170472","0.9390409588813782","0.9810101389884948","0.995611608028412","0.9397670030593872","0.12696994841098783","0.4051840007305145","0","0.32349681854248047","0.2992095351219177","0.2061331272125244","0.40710213780403137","0.14162078499794006","0.040852151811122894","0","0.3970956802368164","0.2600567638874054","0.611849844455719","0.3104974031448364","0.2213749885559082","0.020426075905561447","0","0","0.2874518632888794","0.1581886112689972","0.020426075905561447","0.20554831624031067","0.3204328715801239","0","0.15934309363365173","0.07792501896619797","0.05545412003993988","0.6648808121681213","0.0526505634188652","0.007878629490733147","0","0.4759707748889923","0.2700432240962982","0.7618146538734436","0.15512607991695404","0.08572408556938171","0.004085215274244547","0","0","0.09388577193021774","0.05081367865204811","0.0034043460618704557","0.1619716435670853","[1.66874421206358,1.843354974129647]"
"Trial-017","49","0.9002633094787598","0.9974467158317566","0.9732705950737","0.955716907978058","0.9777387976646424","0.8605282306671143","0.9779781103134156","0.9843612909317015","0.9972073435783386","0.8041171431541443","0.9298651814460754","0.6408681273460388","0.9404771327972412","0.9597063660621644","0.9982446432113647","0.9861964583396912","0.9973669648170472","0.9399186372756958","0.9814888834953308","0.9959307312965392","0.9399346113204956","0.12596867978572843","0.45839616656303406","0","0.27250343561172485","0.2543046474456787","0.22411945462226868","0.42613694071769714","0.17914040386676788","0","0","0.39186835289001465","0.33167752623558044","0.5857770442962646","0.34872984886169434","0.18801486492156985","0","0","0","0.31452688574790955","0.15546512603759766","0.020426075905561447","0.20755435526371","0.2848370671272278","0","0.161163330078125","0.045022908598184586","0.0777924656867981","0.6206003427505493","0.05820075422525406","0","0","0.49991849064826965","0.1985793262720108","0.7969616651535034","0.1292051374912262","0.05101826414465904","0","0","0","0.11816776543855669","0.0564718171954155","0.0034043460618704557","0.15506719052791595","[1.5970670466497616,1.5240446555415876]"
"Trial-016","49","0.8917258381843567","0.9973669648170472","0.971036434173584","0.9538817405700684","0.978137731552124","0.8590121865272522","0.9772600531578064","0.9841219186782836","0.9972871541976928","0.8129737377166748","0.9207691550254822","0.6683156490325928","0.9346525073051452","0.9545998573303224","0.9981648325920104","0.9861964583396912","0.9972871541976928","0.9393600821495056","0.9818080067634584","0.9955317974090576","0.939974308013916","0.12680411338806152","0.4152435660362244","0","0.29914358258247375","0.2571254074573517","0.18485598266124725","0.424124151468277","0.12255644798278809","0.040852151811122894","0.020426075905561447","0.413318395614624","0.26593342423439026","0.6055578589439392","0.28144147992134094","0.18211643397808075","0.010213037952780724","0","0","0.31568998098373413","0.11915210634469986","0.020426075905561447","0.19890885055065155","0.32602235674858093","0","0.14852561056613922","0.06478072702884674","0.08444450795650482","0.6500482559204102","0.04532035440206528","0.004960618447512388","0.010213037952780724","0.4752509295940399","0.26161500811576843","0.7837356328964233","0.1469685137271881","0.0836305171251297","0.004085215274244547","0","0","0.10530401021242142","0.04905775189399719","0.0068086921237409115","0.1625385880470276","[0.2513037684136089,1.266308629488616]"
"Trial-015","49","0.8968323469161987","0.9973669648170472","0.9711162447929382","0.9537221789360046","0.97861647605896","0.8487991690635681","0.977339804172516","0.984201729297638","0.9972073435783386","0.8177611231803894","0.9196521043777466","0.6727040410041809","0.9352110624313354","0.955238163471222","0.9981648325920104","0.9861964583396912","0.9973669648170472","0.9390409588813782","0.9810899496078492","0.9960105419158936","0.9401819109916688","0.12682989239692688","0.4200362265110016","0","0.31970861554145813","0.3449612259864807","0.2059629112482071","0.3971542716026306","0.13048219680786133","0.010213037952780724","0","0.42633056640625","0.260309100151062","0.6115757822990417","0.27208587527275085","0.2384324371814728","0.020426075905561447","0","0","0.3062354028224945","0.11373529583215714","0.040852151811122894","0.20592506229877472","0.2866055369377136","0","0.17138519883155823","0.09669183939695358","0.05374247580766678","0.6641079783439636","0.05989544093608856","0.002918010810390115","0","0.4882790148258209","0.24159178137779236","0.7726101279258728","0.16267243027687073","0.09576015919446944","0.004085215274244547","0","0","0.08359289169311523","0.05643721669912338","0.017021730542182922","0.16286981105804443","[0.2663973946530704,1.0194675845603398]"
"Trial-014","49","0.9023378491401672","0.9974467158317566","0.972791850566864","0.955796718597412","0.9780579209327698","0.8659538626670837","0.9778185486793518","0.9835633635520936","0.9972871541976928","0.8068299889564514","0.926593780517578","0.6406287550926208","0.939200520515442","0.9585893154144288","0.9981648325920104","0.9861964583396912","0.9973669648170472","0.9397590160369872","0.9816484451293944","0.9958509802818298","0.9400941729545592","0.12591759860515594","0.4589029252529144","0","0.30149999260902405","0.27546021342277527","0.2341703474521637","0.4343678653240204","0.1317470371723175","0.020426075905561447","0.020426075905561447","0.3975626230239868","0.2910122275352478","0.586578369140625","0.28063660860061646","0.24727652966976169","0","0","0","0.28060609102249146","0.15428981184959412","0","0.20574815571308136","0.24042010307312012","0","0.16830545663833618","0.05641501769423485","0.05966945365071297","0.6202179789543152","0.06393269449472427","0.002553259488195181","0.020426075905561447","0.4942743480205536","0.2123114317655563","0.8057054281234741","0.1230500116944313","0.08412374556064606","0","0","0","0.1178637444972992","0.05658832564949989","0","0.1562928706407547","[0.4863445953036106,1.7525884168850994]"
"Trial-013","49","0.8943588733673096","0.9974467158317566","0.9745472073554992","0.9570733308792114","0.97686105966568","0.8709806203842163","0.9772600531578064","0.9846006631851196","0.9972073435783386","0.808425784111023","0.9320194721221924","0.6529163122177124","0.935051441192627","0.9593872427940368","0.998085081577301","0.9861964583396912","0.9972871541976928","0.9400781989097596","0.9822070002555848","0.9952126145362854","0.9408602118492126","0.12647183239459991","0.41073134541511536","0","0.2277975082397461","0.24681507050991056","0.22803503274917605","0.445387065410614","0.17512813210487366","0.040852151811122894","0","0.4022247791290283","0.34999963641166687","0.5937660336494446","0.2860293984413147","0.15659990906715393","0.010213037952780724","0","0","0.29335492849349976","0.19497060775756836","0.04595866799354553","0.20539315044879913","0.32400304079055786","0","0.11896713078022005","0.04216798394918442","0.10726937651634216","0.5724956393241882","0.06884855031967163","0.008851299062371254","0","0.47395575046539307","0.17454750835895538","0.821259081363678","0.17847079038619995","0.03657914698123932","0.004085215274244547","0","0","0.13396281003952026","0.05193169414997101","0.02383042313158512","0.15706127882003784","[0.1621543558428562,0.3483500698783454]"
"Trial-012","49","0.8997845649719238","0.9973669648170472","0.9724726676940918","0.9553179740905762","0.97741961479187","0.8639591336250305","0.9779781103134156","0.9848400354385376","0.9972871541976928","0.8128141760826111","0.9269927144050598","0.6344051957130432","0.9424718618392944","0.9582701921463012","0.9982446432113647","0.9861964583396912","0.9973669648170472","0.9391207098960876","0.9813292622566224","0.9960105419158936","0.939982533454895","0.12568700313568115","0.4469734728336334","0","0.29831042885780334","0.29087263345718384","0.20602482557296753","0.4294447898864746","0.19365637004375455","0.020426075905561447","0.020426075905561447","0.40699583292007446","0.2977142035961151","0.5816881656646729","0.3447684943675995","0.2302720844745636","0","0","0","0.2822338938713074","0.16337765753269196","0.020426075905561447","0.21168051660060885","0.2557413876056671","0","0.15441863238811493","0.049076881259679794","0.0642966628074646","0.6029078364372253","0.08057419210672379","0.0020426076371222734","0.020426075905561447","0.4891214072704315","0.21975186467170715","0.8033480644226074","0.10956171154975893","0.07567916810512543","0","0","0","0.13028186559677124","0.04239521920681","0.0034043460618704557","0.15515141189098358","[0.9977564754357237,0.978977337849854]"
"Trial-011","49","0.904172956943512","0.9974467158317566","0.97207373380661","0.955796718597412","0.97686105966568","0.8661932349205017","0.977339804172516","0.984201729297638","0.9972073435783386","0.8106598854064941","0.928987443447113","0.6351232528686523","0.9401580095291138","0.9583499431610109","0.9982446432113647","0.9861964583396912","0.9972871541976928","0.9418335556983948","0.9810899496078492","0.9958509802818298","0.940253973007202","0.1258133202791214","0.5120398998260498","0","0.3179995119571686","0.29860976338386536","0.17609752714633942","0.4407329857349396","0.13948090374469757","0.020426075905561447","0","0.41881099343299866","0.3080306351184845","0.5818048715591431","0.30913227796554565","0.24058939516544345","0","0","0","0.3364105820655823","0.1236506998538971","0","0.21119078993797305","0.21036583185195923","0","0.22630903124809265","0.04700874537229538","0.04283355176448822","0.6171959638595581","0.06633315980434418","0.001856916001997888","0","0.5130595564842224","0.19491396844387057","0.819175124168396","0.11712975054979324","0.07134454697370529","0","0","0","0.12363085895776749","0.0474616140127182","0","0.1549309492111206","[0.1655301331567131,1.5198586255865163]"
"Trial-010","49","0.8978696465492249","0.9973669648170472","0.9754248857498168","0.9569137692451476","0.97741961479187","0.869704008102417","0.9772600531578064","0.9836431741714478","0.9972073435783386","0.80403733253479","0.928987443447113","0.6510013341903687","0.9351312518119812","0.9597063660621644","0.9981648325920104","0.9861964583396912","0.9973669648170472","0.9388015866279602","0.9821271896362304","0.995372235774994","0.9404850602149964","0.12659046053886414","0.4579605460166931","0","0.3510681390762329","0.24000638723373413","0.2543827295303345","0.4501327872276306","0.15834996104240415","0.005106518976390362","0","0.3901090621948242","0.30545973777770996","0.5931276082992554","0.2709318697452545","0.1940476894378662","0","0","0","0.3209240436553955","0.14891353249549866","0.06127822399139404","0.2100899368524551","0.31643256545066833","0","0.12409330159425735","0.04152616858482361","0.10213306546211244","0.6164827346801758","0.06439349055290222","0.0020426076371222734","0","0.48281875252723694","0.17742948234081268","0.8145262002944946","0.1479104608297348","0.03622888773679733","0","0","0","0.1250806301832199","0.06233998388051987","0.03063911199569702","0.15720388293266296","[0.8367657581238432,0.17623381617356348]"
"Trial-009","49","0.8936408162117004","0.9974467158317566","0.974706768989563","0.955796718597412","0.9770206809043884","0.871618926525116","0.97741961479187","0.9828453063964844","0.9972073435783386","0.8065108060836792","0.9328173398971558","0.6535546183586121","0.9371259808540344","0.9599457383155824","0.9979254603385924","0.9861964583396912","0.9971275925636292","0.932418406009674","0.9805313944816588","0.9959307312965392","0.9403893351554872","0.12635554373264313","0.4147481918334961","0","0.2574760317802429","0.2651985287666321","0.24581892788410187","0.4505031704902649","0.18660451471805573","0.038128674030303955","0.020426075905561447","0.4038183987140655","0.3158891499042511","0.5942295789718628","0.30532950162887573","0.20406468212604523","0","0","0","0.2720745801925659","0.15742440521717072","0.040852151811122894","0.20862935483455655","0.3260911703109741","0","0.1221655085682869","0.04163707047700882","0.0986827090382576","0.5971713066101074","0.07076624780893326","0.011088441126048563","0.010213037952780724","0.5015610456466675","0.15368080139160156","0.7841050624847412","0.15153922140598297","0.03885734453797341","0","0","0","0.1974601298570633","0.079593226313591","0.010213037952780724","0.15974126756191254","[0.4235830196134161,0.46532598134470426]"
"Trial-008","49","0.8986675143241882","0.9974467158317566","0.974706768989563","0.9556370973587036","0.9772600531578064","0.8726561665534973","0.977339804172516","0.983722984790802","0.9972073435783386","0.8112981915473938","0.929466187953949","0.6473310589790344","0.9300247430801392","0.9593872427940368","0.9982446432113647","0.9861964583396912","0.9972871541976928","0.9399186372756958","0.9822070002555848","0.9952924251556396","0.9405649304389954","0.12651515007019043","0.44408759474754333","0","0.3212420642375946","0.2444320172071457","0.20857292413711548","0.4585385322570801","0.18081863224506375","0.03063911199569702","0","0.4080357551574707","0.3321268856525421","0.5904876589775085","0.2271919697523117","0.2419019639492035","0","0","0","0.3348505198955536","0.09386268258094788","0.08170430362224579","0.2099246084690094","0.3208141326904297","0","0.1457461267709732","0.052771639078855515","0.08492455631494522","0.5599114298820496","0.05791816487908363","0.004085215274244547","0","0.47982409596443176","0.1826147586107254","0.8275893926620483","0.1572132110595703","0.06503693759441376","0","0","0","0.1332397311925888","0.025379398837685585","0.03744780644774437","0.15672586858272552","[0.19263474069395992,0.4811634724569648]"
"Trial-007","49","0.896672785282135","0.9974467158317566","0.974467396736145","0.9565945863723756","0.9777387976646424","0.866033673286438","0.9746269583702089","0.9845208525657654","0.9972073435783386","0.8090640902519226","0.9311417937278748","0.64844810962677","0.937524914741516","0.9600255489349364","0.9982446432113647","0.9861964583396912","0.9973669648170472","0.938003659248352","0.9809303283691406","0.995372235774994","0.9403813481330872","0.12687714397907257","0.438450425863266","0","0.26616746187210083","0.2880076766014099","0.23125234246253967","0.4330121576786041","0.10809789597988129","0","0","0.4010726511478424","0.32113486528396606","0.5919710397720337","0.2738676071166992","0.2904144525527954","0","0","0","0.29790523648262024","0.15606418251991272","0.09532169252634048","0.20963698625564575","0.3272896707057953","0","0.12182700634002686","0.03999627009034157","0.07221492379903793","0.5796622037887573","0.05521292611956597","0","0","0.4720877408981323","0.16075342893600464","0.8151960968971252","0.15913935005664823","0.06012812629342079","0","0","0","0.16041474044322968","0.08056493103504181","0.05106518790125847","0.15777762234210968","[0.18229719990646304,1.9410336286697816]"
"Trial-006","49","0.8935610055923462","0.9974467158317566","0.9739089012145996","0.9553977251052856","0.9779781103134156","0.8722572326660156","0.9769408702850342","0.983722984790802","0.9971275925636292","0.8053937554359436","0.9328173398971558","0.6521183848381042","0.9399186372756958","0.9588286876678468","0.9982446432113647","0.9861964583396912","0.9972073435783386","0.9305832386016846","0.9811697006225586","0.9958509802818298","0.9403337836265564","0.12630116939544678","0.39389723539352417","0","0.2973203957080841","0.2653120458126068","0.2437511831521988","0.4538793861865998","0.1742052286863327","0.02553259395062923","0","0.4002976417541504","0.31615808606147766","0.5934126377105713","0.3202824294567108","0.24603578448295593","0","0","0","0.2777169644832611","0.17281107604503632","0.040852151811122894","0.2110731899738312","0.31083759665489197","0","0.12556694447994232","0.048614129424095154","0.11450456082820892","0.5726631879806519","0.07207634299993515","0.007878629490733147","0","0.5062604546546936","0.17330138385295868","0.7926815152168274","0.13032658398151398","0.04501839727163315","0","0","0","0.19486942887306213","0.07599452137947083","0.013617384247481825","0.15921056270599365","[1.1476349292983232,0.8137401351361332]"
"Trial-005","49","0.898587703704834","0.9968882203102112","0.974467396736145","0.9569935202598572","0.9780579209327698","0.8634006381034851","0.9775791764259338","0.984441101551056","0.9972871541976928","0.8140907883644104","0.9295459985733032","0.6499640941619873","0.9420729279518129","0.9566743969917296","0.9980052709579468","0.9861964583396912","0.9972871541976928","0.9393600821495056","0.9799728989601136","0.9956913590431212","0.9408281445503236","0.12627142667770386","0.461248517036438","0","0.3369583487510681","0.2694539725780487","0.21685683727264404","0.4340813755989074","0.2222551554441452","0.02723476849496365","0.020426075905561447","0.4115311801433563","0.3245735168457031","0.5919507145881653","0.3356908857822418","0.22809340059757233","0","0","0","0.31713566184043884","0.1434931755065918","0","0.21704918146133423","0.3175670802593231","0","0.1464928537607193","0.04346833750605583","0.07328013330698013","0.6201534867286682","0.09716258198022842","0.004085215274244547","0.010213037952780724","0.4758873283863067","0.2168674468994141","0.7995181083679199","0.11103837192058565","0.060519758611917496","0","0","0","0.19091592729091644","0.07083378732204437","0","0.16190017759799957","[1.808260141961714,0.7597253707679187]"
"Trial-004","49","0.8914864659309387","0.9974467158317566","0.9751855134963988","0.9556370973587036","0.977658987045288","0.8731349110603333","0.9777387976646424","0.98396235704422","0.9970477819442748","0.8068299889564514","0.9320194721221924","0.643341600894928","0.9404771327972412","0.9585893154144288","0.998085081577301","0.9861166477203368","0.9972871541976928","0.93289715051651","0.980052649974823","0.9957711696624756","0.9400383830070496","0.12670709192752838","0.4083583354949951","0","0.31885457038879395","0.2446751892566681","0.23636634647846225","0.4451295137405395","0.12041544169187546","0.08681081980466843","0","0.4032998681068421","0.33068162202835083","0.5871114134788513","0.27380242943763733","0.22833435237407684","0.010213037952780724","0","0","0.2658942937850952","0.1408132016658783","0.040852151811122894","0.2070806473493576","0.3167515993118286","0","0.10247144848108292","0.04871510341763496","0.10419295728206636","0.5468428730964661","0.0484766960144043","0.014331411570310593","0","0.510459840297699","0.17107900977134705","0.794093668460846","0.11518117785453796","0.04308061674237251","0.004085215274244547","0","0","0.20537620782852173","0.07408463954925537","0.010213037952780724","0.1554717868566513","[1.963156070348288,1.7790571313914756]"
"Trial-003","49","0.8906885981559753","0.9974467158317566","0.974467396736145","0.9569935202598572","0.9784568548202516","0.8705816864967346","0.9766217470169068","0.9836431741714478","0.9972871541976928","0.8019627928733826","0.9335354566574096","0.6657623648643494","0.9406366944313048","0.9614617228507996","0.9981648325920104","0.9861166477203368","0.9972073435783386","0.9281097650527954","0.9786962270736694","0.9960105419158936","0.94069242477417","0.12677530944347382","0.3962467312812805","0","0.31793972849845886","0.3183063566684723","0.2522421181201935","0.45171114802360535","0.1706055998802185","0.07829995453357697","0.020426075905561447","0.3946855366230011","0.313525915145874","0.6039987802505493","0.29317140579223633","0.24841883778572085","0","0","0","0.25216424465179443","0.16659632325172424","0.020426075905561447","0.2149382084608078","0.3511188328266144","0","0.12649314105510712","0.05547022819519043","0.11062728613615036","0.6143105626106262","0.06550425291061401","0.016924463212490082","0.010213037952780724","0.5128898620605469","0.156900554895401","0.7735957503318787","0.1213112398982048","0.04258938506245613","0","0","0","0.23203736543655396","0.07889089733362198","0.0034043460618704557","0.16361403465270996","[1.0528513104745238,0.3546526664090628]"
"Trial-002","49","0.8982685804367065","0.9969680309295654","0.974946141242981","0.9572328925132751","0.9778185486793518","0.8549429774284363","0.9772600531578064","0.9828453063964844","0.9973669648170472","0.8195962905883789","0.9286683201789856","0.6513205170631409","0.9412750601768494","0.9553179740905762","0.9979254603385924","0.9861964583396912","0.9972073435783386","0.939200520515442","0.9804515838623048","0.9955317974090576","0.940517008304596","0.12601420283317566","0.43343818187713623","0","0.29702919721603394","0.2893693745136261","0.2545831799507141","0.4105762839317322","0.16691021621227264","0.03302215412259102","0.040852151811122894","0.4241122305393219","0.29953300952911377","0.5919360518455505","0.3075345456600189","0.1936836689710617","0","0","0","0.30304086208343506","0.18045036494731903","0.03063911199569702","0.21283552050590515","0.3025735318660736","0","0.10255240648984908","0.04006396606564522","0.08567364513874054","0.6340662837028503","0.07048027217388153","0.0292862169444561","0.03063911199569702","0.46298864483833313","0.1887870728969574","0.8088223934173584","0.11327937245368958","0.07670111209154129","0","0","0","0.14619144797325134","0.05141589418053627","0.013617384247481825","0.15785697102546692","[1.356728900219658,0.6668283092835056]"
"Trial-001","49","0.8985079526901245","0.9967286586761476","0.9750259518623352","0.955716907978058","0.97861647605896","0.8625229597091675","0.977100431919098","0.9838027358055116","0.9971275925636292","0.8180802464485168","0.9274714589118958","0.6545918583869934","0.9403175711631776","0.9576318264007568","0.9981648325920104","0.9861964583396912","0.9973669648170472","0.9367270469665528","0.9818878173828124","0.9958509802818298","0.940971851348877","0.12638846039772034","0.4574814736843109","0.020426075905561447","0.32718855142593384","0.1841264516115189","0.2631072998046875","0.4271954596042633","0.139578178524971","0.02212824858725071","0","0.4200360774993897","0.32395708560943604","0.5960882902145386","0.30024290084838867","0.26591458916664124","0.020426075905561447","0","0","0.2866992950439453","0.1811598390340805","0.040852151811122894","0.2138303965330124","0.34776803851127625","0.005106518976390362","0.1359640806913376","0.04187461733818054","0.10655570775270462","0.6184085607528687","0.08532971143722534","0.024511290714144707","0","0.4808627963066101","0.20088917016983032","0.8046286702156067","0.11072522401809692","0.0604771263897419","0.004085215274244547","0","0","0.1604200005531311","0.06096911057829857","0.020426075905561447","0.16345007717609406","[0.2510817849619164,0.502367424751143]"
"Trial-000","49","0.9000239372253418","0.9970477819442748","0.973031222820282","0.9577116370201112","0.9782972931861876","0.8562195897102356","0.9777387976646424","0.9849197864532472","0.9972073435783386","0.8110588192939758","0.9297853708267212","0.6514800786972046","0.9400781989097596","0.9592276215553284","0.9978457093238832","0.9861964583396912","0.9972871541976928","0.937764286994934","0.9818878173828124","0.9961701035499572","0.9405490756034852","0.12669438123703003","0.4636501967906952","0","0.27160727977752686","0.28749701380729675","0.2809513807296753","0.4135649800300598","0.1318918019533157","0.03063911199569702","0","0.4098518490791321","0.3123374879360199","0.5940366387367249","0.2857491374015808","0.2344459444284439","0.020426075905561447","0","0","0.30093473196029663","0.07742226868867874","0.020426075905561447","0.2067716270685196","0.2900376617908478","0","0.1450643390417099","0.052794042974710464","0.0951225608587265","0.6406736969947815","0.03089063800871372","0.004085215274244547","0","0.5079941153526306","0.19034244120121","0.7995427250862122","0.11570893973112106","0.05758075416088104","0.004085215274244547","0","0","0.12302199006080627","0.025730011984705925","0.0068086921237409115","0.154474139213562","[1.5200224665698698,0.13402538811669357]"